{
    "global": {
        "Var": 0.11272,
        "Mean": 0.10377,
        "Max": 0.1074,
        "MAD": 0.1021,
        "Centroid": 0.12025,
        "Energy": 0.11024,
        "RMS": 0.10752,
        "Skew": 0.07189,
        "Entropy": 0.09875,
        "Kurtosis": 0.06538
    },
    "per_class": {
        "Normal": {
            "Var": 0.1199,
            "Mean": 0.1087,
            "Max": 0.16022,
            "MAD": 0.10373,
            "Centroid": 0.13535,
            "Energy": 0.11553,
            "RMS": 0.11257,
            "Skew": 0.02164,
            "Entropy": 0.06471,
            "Kurtosis": 0.05766
        },
        "Fault 1": {
            "Var": 0.09688,
            "Mean": 0.14394,
            "Max": 0.08415,
            "MAD": 0.08808,
            "Centroid": 0.10456,
            "Energy": 0.15288,
            "RMS": 0.14927,
            "Skew": 0.07781,
            "Entropy": 0.04096,
            "Kurtosis": 0.06147
        },
        "Fault 2": {
            "Var": 0.05046,
            "Mean": 0.15043,
            "Max": 0.1105,
            "MAD": 0.0556,
            "Centroid": 0.05993,
            "Energy": 0.15984,
            "RMS": 0.1556,
            "Skew": 0.07535,
            "Entropy": 0.12141,
            "Kurtosis": 0.06088
        },
        "Fault 3": {
            "Var": 0.10657,
            "Mean": 0.04309,
            "Max": 0.13915,
            "MAD": 0.08084,
            "Centroid": 0.11153,
            "Energy": 0.04573,
            "RMS": 0.04484,
            "Skew": 0.15387,
            "Entropy": 0.16485,
            "Kurtosis": 0.10955
        },
        "Fault 4": {
            "Var": 0.22869,
            "Mean": 0.03595,
            "Max": 0.09931,
            "MAD": 0.07689,
            "Centroid": 0.22025,
            "Energy": 0.0381,
            "RMS": 0.03745,
            "Skew": 0.08838,
            "Entropy": 0.12196,
            "Kurtosis": 0.05302
        },
        "Fault 5": {
            "Var": 0.11749,
            "Mean": 0.08156,
            "Max": 0.06147,
            "MAD": 0.20595,
            "Centroid": 0.1269,
            "Energy": 0.08672,
            "RMS": 0.08428,
            "Skew": 0.03434,
            "Entropy": 0.14545,
            "Kurtosis": 0.05584
        }
    }
}