{
    "LogisticRegression": {
        "accuracy": 0.9123,
        "f1_weighted": 0.912,
        "f1_macro": 0.912,
        "classification_report": {
            "Normal": {
                "precision": 1.0,
                "recall": 1.0,
                "f1-score": 1.0,
                "support": 19.0
            },
            "Fault 1": {
                "precision": 1.0,
                "recall": 1.0,
                "f1-score": 1.0,
                "support": 19.0
            },
            "Fault 2": {
                "precision": 1.0,
                "recall": 1.0,
                "f1-score": 1.0,
                "support": 19.0
            },
            "Fault 3": {
                "precision": 0.7647058823529411,
                "recall": 0.6842105263157895,
                "f1-score": 0.7222222222222222,
                "support": 19.0
            },
            "Fault 4": {
                "precision": 0.7142857142857143,
                "recall": 0.7894736842105263,
                "f1-score": 0.75,
                "support": 19.0
            },
            "Fault 5": {
                "precision": 1.0,
                "recall": 1.0,
                "f1-score": 1.0,
                "support": 19.0
            },
            "accuracy": 0.9122807017543859,
            "macro avg": {
                "precision": 0.9131652661064426,
                "recall": 0.912280701754386,
                "f1-score": 0.9120370370370371,
                "support": 114.0
            },
            "weighted avg": {
                "precision": 0.9131652661064426,
                "recall": 0.9122807017543859,
                "f1-score": 0.9120370370370371,
                "support": 114.0
            }
        },
        "train_time_ms": 3.916,
        "avg_infer_time_ms": 0.001065,
        "model_size_MB": 0.00103
    },
    "SVM_RBF": {
        "accuracy": 0.8947,
        "f1_weighted": 0.8947,
        "f1_macro": 0.8947,
        "classification_report": {
            "Normal": {
                "precision": 0.95,
                "recall": 1.0,
                "f1-score": 0.9743589743589743,
                "support": 19.0
            },
            "Fault 1": {
                "precision": 1.0,
                "recall": 1.0,
                "f1-score": 1.0,
                "support": 19.0
            },
            "Fault 2": {
                "precision": 1.0,
                "recall": 0.9473684210526315,
                "f1-score": 0.972972972972973,
                "support": 19.0
            },
            "Fault 3": {
                "precision": 0.7,
                "recall": 0.7368421052631579,
                "f1-score": 0.717948717948718,
                "support": 19.0
            },
            "Fault 4": {
                "precision": 0.7222222222222222,
                "recall": 0.6842105263157895,
                "f1-score": 0.7027027027027027,
                "support": 19.0
            },
            "Fault 5": {
                "precision": 1.0,
                "recall": 1.0,
                "f1-score": 1.0,
                "support": 19.0
            },
            "accuracy": 0.8947368421052632,
            "macro avg": {
                "precision": 0.8953703703703705,
                "recall": 0.8947368421052632,
                "f1-score": 0.8946638946638946,
                "support": 114.0
            },
            "weighted avg": {
                "precision": 0.8953703703703704,
                "recall": 0.8947368421052632,
                "f1-score": 0.8946638946638946,
                "support": 114.0
            }
        },
        "train_time_ms": 1.92,
        "avg_infer_time_ms": 0.006655,
        "model_size_MB": 0.01517
    },
    "RandomForest": {
        "accuracy": 0.9298,
        "f1_weighted": 0.9298,
        "f1_macro": 0.9298,
        "classification_report": {
            "Normal": {
                "precision": 1.0,
                "recall": 1.0,
                "f1-score": 1.0,
                "support": 19.0
            },
            "Fault 1": {
                "precision": 1.0,
                "recall": 1.0,
                "f1-score": 1.0,
                "support": 19.0
            },
            "Fault 2": {
                "precision": 1.0,
                "recall": 1.0,
                "f1-score": 1.0,
                "support": 19.0
            },
            "Fault 3": {
                "precision": 0.7894736842105263,
                "recall": 0.7894736842105263,
                "f1-score": 0.7894736842105263,
                "support": 19.0
            },
            "Fault 4": {
                "precision": 0.7894736842105263,
                "recall": 0.7894736842105263,
                "f1-score": 0.7894736842105263,
                "support": 19.0
            },
            "Fault 5": {
                "precision": 1.0,
                "recall": 1.0,
                "f1-score": 1.0,
                "support": 19.0
            },
            "accuracy": 0.9298245614035088,
            "macro avg": {
                "precision": 0.9298245614035089,
                "recall": 0.9298245614035089,
                "f1-score": 0.9298245614035089,
                "support": 114.0
            },
            "weighted avg": {
                "precision": 0.9298245614035088,
                "recall": 0.9298245614035088,
                "f1-score": 0.9298245614035088,
                "support": 114.0
            }
        },
        "train_time_ms": 117.579,
        "avg_infer_time_ms": 0.02536,
        "model_size_MB": 0.57582
    }
}